[
  {
    "name":"Ladies+Modern+Stretch+Full+Zip",
    "title":"Ladies Modern Stretch Full Zip",
    "category":"ladies_outerwear",
    "price":41.60,
    "description":"With an updated fit and figure-flattering details, this full-zip combines ultra soft cotton with a dash of spandex to retain its shape all day long.&amp;nbsp;&lt;div&gt;&lt;br&gt;&lt;/div&gt;&lt;div&gt;Features:&lt;/div&gt;&lt;div&gt;&lt;ul&gt;&lt;li&gt;96% cotton, 4% spandex.&lt;/li&gt;&lt;li&gt;Gently contoured silhouette &amp;amp; longer length design for a style that moves with you.&lt;/li&gt;&lt;li&gt;Self-fabric hood.&lt;/li&gt;&lt;li&gt;Dyed-to-match zipper.&amp;nbsp;&lt;/li&gt;&lt;li&gt;Front slash pockets.&lt;/li&gt;&lt;li&gt;Open cuffs &amp;amp; hem.&lt;/li&gt;&lt;li&gt;Available in Mosaic Blue with the white Google logo embroidered at left chest.&amp;nbsp;&lt;/li&gt;&lt;/ul&gt;&lt;/div&gt;",
    "image":"/data/images/10-24102B.jpg",
    "largeImage":"/data/images/10-24102A.jpg"
  },
  {
    "name":"Ladies+Colorblock+Wind+Jacket",
    "title":"Ladies Colorblock Wind Jacket",
    "category":"ladies_outerwear",
    "price":45.90,
    "description":"Brighten up your commute on gloomy days. This lightweight jacket features a subtle grid texture and a punch of bright pink at each side panel.&lt;div&gt;&lt;br&gt;&lt;/div&gt;&lt;div&gt;Features:&lt;/div&gt;&lt;div&gt;&lt;ul&gt;&lt;li&gt;100% polyester dobby shell with jersey lining.&lt;/li&gt;&lt;li&gt;Packable zip-in hood with contrast pink zipper.&lt;/li&gt;&lt;li&gt;Cadet collar and elastic cuffs.&lt;/li&gt;&lt;li&gt;Adjustable toggles at waist can be cinched for a flattering fit.&lt;/li&gt;&lt;li&gt;Available in grey/dark rose with the white Google logo embroidered at left chest.&lt;/li&gt;&lt;/ul&gt;&lt;/div&gt;",
    "image":"/data/images/10-25058B.jpg",
    "largeImage":"/data/images/10-25058A.jpg"
  },
  {
    "name":"Ladies+Voyage+Fleece+Jacket",
    "title":"Ladies Voyage Fleece Jacket",
    "category":"ladies_outerwear",
    "price":48.00,
    "description":"&lt;div&gt;Perhaps the equivalent to that comfort blanket you had years ago is a cozy fleece. This full-zip is the perfect layering piece for those 'in-between' months when mother nature just can't make up her mind.&amp;nbsp;&lt;/div&gt;&lt;div&gt;&lt;br&gt;&lt;/div&gt;&lt;div&gt;Features:&lt;/div&gt;&lt;div&gt;&lt;ul&gt;&lt;li&gt;100% polyester anti-pill yarn fleece.&lt;/li&gt;&lt;li&gt;100% polyester taffeta lining in sleeves.&lt;/li&gt;&lt;li&gt;Tricot-lined lower pockets with reverse coil zippers.&lt;/li&gt;&lt;li&gt;Available in purple with the white Google logo embroidered at left chest.&lt;/li&gt;&lt;li&gt;&lt;b&gt;Please note! Sizing runs larger than normal. Consider ordering a size smaller than normal.&lt;/b&gt;&lt;/li&gt;&lt;/ul&gt;&lt;/div&gt;",
    "image":"/data/images/10-24101B.jpg",
    "largeImage":"/data/images/10-24101A.jpg"
  },
  {
    "name":"Ladies+Pullover+L+S+Hood",
    "title":"Ladies Pullover L/S Hood",
    "category":"ladies_outerwear",
    "price":36.50,
    "description":"A longsleeve layering piece with a hood. What more can you ask for between season changes?&amp;nbsp;&lt;div&gt;&lt;br&gt;&lt;/div&gt;&lt;div&gt;Features:&lt;/div&gt;&lt;div&gt;&lt;ul&gt;&lt;li&gt;85% polyester, 15% cotton.&lt;/li&gt;&lt;li&gt;Ultra lightweight, tissue jersey fabric.&lt;/li&gt;&lt;li&gt;Scoop-neck with hood.&lt;/li&gt;&lt;li&gt;Available in jewel blue with the white Google logo screenprinted across center chest.&lt;/li&gt;&lt;/ul&gt;&lt;/div&gt;",
    "image":"/data/images/10-24098B.jpg",
    "largeImage":"/data/images/10-24098A.jpg"
  },
  {
    "name":"Ladies+Sonoma+Hybrid+Knit+Jacket",
    "title":"Ladies Sonoma Hybrid Knit Jacket",
    "category":"ladies_outerwear",
    "price":84.85,
    "description":"A modern styled sport jacket that combines a classic silhouette with moisture-wicking fabrics. Technical features include a reversed coil zipper with reflective stripe, interior media exit port, and built-in media pocket.&amp;nbsp;&lt;div&gt;&lt;br&gt;&lt;/div&gt;&lt;div&gt;Additional Features:&lt;/div&gt;&lt;div&gt;&lt;ul&gt;&lt;li&gt;94% polyester, 6% spandex.&lt;/li&gt;&lt;li&gt;Available in black with the white Google logo heat transferred onto right hip along zipper.&lt;/li&gt;&lt;/ul&gt;&lt;/div&gt;",
    "image":"/data/images/10-24097B.jpg",
    "largeImage":"/data/images/10-24097A.jpg"
  },
  {
    "name":"Ladies+Yerba+Knit+Quarter+Zip",
    "title":"Ladies Yerba Knit Quarter Zip",
    "category":"ladies_outerwear",
    "price":64.20,
    "description":"This on-trend quarter zip doubles as workout gear.&amp;nbsp;&lt;div&gt;&lt;br&gt;&lt;/div&gt;&lt;div&gt;Features:&lt;/div&gt;&lt;div&gt;&lt;ul&gt;&lt;li&gt;81% polyester, 19% spandex jersey knit.&lt;/li&gt;&lt;li&gt;Textured knit fabric features a moisture-wicking finish.&lt;/li&gt;&lt;li&gt;Exposed contrast reverse coil zipper with contrast inner collar.&lt;/li&gt;&lt;li&gt;Lightweight design with added stretch.&lt;/li&gt;&lt;li&gt;Available in heathered indigo with the white Google logo heat transferred vertically onto front right hip.&lt;/li&gt;&lt;/ul&gt;&lt;/div&gt;",
    "image":"/data/images/10-24099B.jpg",
    "largeImage":"/data/images/10-24099A.jpg"
  }
]
